Genotype,AS,LM,AQ,PPQ,MQ,CQ,AL,ASAQ,DHAPPQ,ASMQ,NO_DRUG,mutations
KNY--C1,0.311,0.281,0.138,0.101,0.055,0.19,0.085,0.038,0.028,0.017,1,0
KNY--C2,0.311,0.281,0.138,0.787,0.055,0.19,0.085,0.038,0.232,0.017,0.986094092,1
KNY--Y1,0.759,0.281,0.138,0.101,0.055,0.19,0.205,0.104,0.071,0.038,0.986094092,1
KNY--Y2,0.759,0.281,0.138,0.787,0.055,0.19,0.205,0.104,0.585,0.038,0.972381558,2
KNYNYC1,0.311,0.477,0.138,0.101,0.539,0.19,0.141,0.038,0.028,0.154,0.986094092,1
KNYNYC2,0.311,0.477,0.138,0.787,0.539,0.19,0.141,0.038,0.232,0.154,0.972381558,2
KNYNYY1,0.759,0.477,0.138,0.101,0.539,0.19,0.354,0.104,0.071,0.393,0.972381558,2
KNYNYY2,0.759,0.477,0.138,0.787,0.539,0.19,0.354,0.104,0.585,0.393,0.958859709,3
KNF--C1,0.311,0.373,0.079,0.101,0.055,0.19,0.11,0.023,0.028,0.017,0.986094092,1
KNF--C2,0.311,0.373,0.079,0.787,0.055,0.19,0.11,0.023,0.232,0.017,0.972381558,2
KNF--Y1,0.759,0.373,0.079,0.101,0.055,0.19,0.277,0.052,0.071,0.038,0.972381558,2
KNF--Y2,0.759,0.373,0.079,0.787,0.055,0.19,0.277,0.052,0.585,0.038,0.958859709,3
KNFNFC1,0.311,0.578,0.079,0.101,0.539,0.19,0.17,0.023,0.028,0.154,0.972381558,2
KNFNFC2,0.311,0.578,0.079,0.787,0.539,0.19,0.17,0.023,0.232,0.154,0.958859709,3
KNFNFY1,0.759,0.578,0.079,0.101,0.539,0.19,0.43,0.052,0.071,0.393,0.958859709,3
KNFNFY2,0.759,0.578,0.079,0.787,0.539,0.19,0.43,0.052,0.585,0.393,0.945525894,4
KYY--C1,0.311,0.172,0.318,0.101,0.055,0.361,0.047,0.095,0.028,0.017,0.986094092,1
KYY--C2,0.311,0.172,0.318,0.787,0.055,0.361,0.047,0.095,0.232,0.017,0.972381558,2
KYY--Y1,0.759,0.172,0.318,0.101,0.055,0.361,0.122,0.228,0.071,0.038,0.972381558,2
KYY--Y2,0.759,0.172,0.318,0.787,0.055,0.361,0.122,0.228,0.585,0.038,0.958859709,3
KYYYYC1,0.311,0.338,0.318,0.101,0.539,0.361,0.103,0.095,0.028,0.154,0.972381558,2
KYYYYC2,0.311,0.338,0.318,0.787,0.539,0.361,0.103,0.095,0.232,0.154,0.958859709,3
KYYYYY1,0.759,0.338,0.318,0.101,0.539,0.361,0.248,0.228,0.071,0.393,0.958859709,3
KYYYYY2,0.759,0.338,0.318,0.787,0.539,0.361,0.248,0.228,0.585,0.393,0.945525894,4
KYF--C1,0.311,0.281,0.239,0.101,0.055,0.361,0.085,0.07,0.028,0.017,0.972381558,2
KYF--C2,0.311,0.281,0.239,0.787,0.055,0.361,0.085,0.07,0.232,0.017,0.958859709,3
KYF--Y1,0.759,0.281,0.239,0.101,0.055,0.361,0.205,0.175,0.071,0.038,0.958859709,3
KYF--Y2,0.759,0.281,0.239,0.787,0.055,0.361,0.205,0.175,0.585,0.038,0.945525894,4
KYFYFC1,0.311,0.477,0.239,0.101,0.539,0.361,0.141,0.07,0.028,0.154,0.958859709,3
KYFYFC2,0.311,0.477,0.239,0.787,0.539,0.361,0.141,0.07,0.232,0.154,0.945525894,4
KYFYFY1,0.759,0.477,0.239,0.101,0.539,0.361,0.354,0.175,0.071,0.393,0.945525894,4
KYFYFY2,0.759,0.477,0.239,0.787,0.539,0.361,0.354,0.175,0.585,0.393,0.932377498,5
TNY--C1,0.311,0.23,0.189,0.101,0.055,0.663,0.071,0.053,0.028,0.017,0.986094092,1
TNY--C2,0.311,0.23,0.189,0.787,0.055,0.663,0.071,0.053,0.232,0.017,0.972381558,2
TNY--Y1,0.759,0.23,0.189,0.101,0.055,0.663,0.171,0.136,0.071,0.038,0.972381558,2
TNY--Y2,0.759,0.23,0.189,0.787,0.055,0.663,0.171,0.136,0.585,0.038,0.958859709,3
TNYNYC1,0.311,0.425,0.189,0.101,0.539,0.663,0.131,0.053,0.028,0.154,0.972381558,2
TNYNYC2,0.311,0.425,0.189,0.787,0.539,0.663,0.131,0.053,0.232,0.154,0.958859709,3
TNYNYY1,0.759,0.425,0.189,0.101,0.539,0.663,0.316,0.136,0.071,0.393,0.958859709,3
TNYNYY2,0.759,0.425,0.189,0.787,0.539,0.663,0.316,0.136,0.585,0.393,0.945525894,4
TNF--C1,0.311,0.324,0.153,0.101,0.055,0.663,0.092,0.041,0.028,0.017,0.972381558,2
TNF--C2,0.311,0.324,0.153,0.787,0.055,0.663,0.092,0.041,0.232,0.017,0.958859709,3
TNF--Y1,0.759,0.324,0.153,0.101,0.055,0.663,0.247,0.107,0.071,0.038,0.958859709,3
TNF--Y2,0.759,0.324,0.153,0.787,0.055,0.663,0.247,0.107,0.585,0.038,0.945525894,4
TNFNFC1,0.311,0.526,0.153,0.101,0.539,0.663,0.156,0.041,0.028,0.154,0.958859709,3
TNFNFC2,0.311,0.526,0.153,0.787,0.539,0.663,0.156,0.041,0.232,0.154,0.945525894,4
TNFNFY1,0.759,0.526,0.153,0.101,0.539,0.663,0.396,0.107,0.071,0.393,0.945525894,4
TNFNFY2,0.759,0.526,0.153,0.787,0.539,0.663,0.396,0.107,0.585,0.393,0.932377498,5
TYY--C1,0.311,0.13,0.367,0.101,0.055,0.805,0.035,0.109,0.028,0.017,0.972381558,2
TYY--C2,0.311,0.13,0.367,0.787,0.055,0.805,0.035,0.109,0.232,0.017,0.958859709,3
TYY--Y1,0.759,0.13,0.367,0.101,0.055,0.805,0.092,0.265,0.071,0.038,0.958859709,3
TYY--Y2,0.759,0.13,0.367,0.787,0.055,0.805,0.092,0.265,0.585,0.038,0.945525894,4
TYYYYC1,0.311,0.281,0.367,0.101,0.539,0.805,0.085,0.109,0.028,0.154,0.958859709,3
TYYYYC2,0.311,0.281,0.367,0.787,0.539,0.805,0.085,0.109,0.232,0.154,0.945525894,4
TYYYYY1,0.759,0.281,0.367,0.101,0.539,0.805,0.205,0.265,0.071,0.393,0.945525894,4
TYYYYY2,0.759,0.281,0.367,0.787,0.539,0.805,0.205,0.265,0.585,0.393,0.932377498,5
TYF--C1,0.311,0.23,0.286,0.101,0.055,0.805,0.071,0.083,0.028,0.017,0.958859709,3
TYF--C2,0.311,0.23,0.286,0.787,0.055,0.805,0.071,0.083,0.232,0.017,0.945525894,4
TYF--Y1,0.759,0.23,0.286,0.101,0.055,0.805,0.171,0.206,0.071,0.038,0.945525894,4
TYF--Y2,0.759,0.23,0.286,0.787,0.055,0.805,0.171,0.206,0.585,0.038,0.932377498,5
TYFYFC1,0.311,0.425,0.286,0.101,0.539,0.805,0.131,0.083,0.028,0.154,0.945525894,4
TYFYFC2,0.311,0.425,0.286,0.787,0.539,0.805,0.131,0.083,0.232,0.154,0.932377498,5
TYFYFY1,0.759,0.425,0.286,0.101,0.539,0.805,0.316,0.206,0.071,0.393,0.932377498,5
TYFYFY2,0.759,0.425,0.286,0.787,0.539,0.805,0.316,0.206,0.585,0.393,0.919411942,6
,,,,,,,,,,,,
AVERAGE,0.535,0.34675,0.221125,0.444,0.297,0.50475,0.18009375,0.1115625,0.229,0.1505,0.862291611,